"Country or Area","Year","Value"
"Australia","2018","109532.20991759"
"Australia","2017","108170.69629232"
"Australia","2016","105873.930156543"
"Australia","2015","105368.801285707"
"Australia","2014","105070.905979795"
"Australia","2013","107218.468669856"
"Australia","2012","107907.07256058"
"Australia","2011","108278.926020099"
"Australia","2010","106258.98564064"
"Australia","2009","108388.535612072"
"Australia","2008","109353.592538331"
"Australia","2007","111065.157016916"
"Australia","2006","111344.131103165"
"Australia","2005","111908.876432265"
"Australia","2004","110200.454648155"
"Australia","2003","108063.872818247"
"Australia","2002","113507.385983824"
"Australia","2001","115299.174625221"
"Australia","2000","116699.185079476"
"Australia","1999","113023.535362148"
"Australia","1998","117153.717714584"
"Australia","1997","118199.040670688"
"Australia","1996","115355.759462231"
"Australia","1995","115158.282184655"
"Australia","1994","116834.941740878"
"Australia","1993","120117.915288147"
"Australia","1992","123741.407630354"
"Australia","1991","124308.869106322"
"Australia","1990","124383.179358765"
"Austria","2018","6438.63180841262"
"Austria","2017","6626.10691792748"
"Austria","2016","6642.60828995248"
"Austria","2015","6702.0566032407"
"Austria","2014","6777.44586658089"
"Austria","2013","6907.09720530428"
"Austria","2012","7006.73648653193"
"Austria","2011","7108.45934863183"
"Austria","2010","7308.65772790336"
"Austria","2009","7393.13932386228"
"Austria","2008","7469.49427134473"
"Austria","2007","7595.13482328045"
"Austria","2006","7700.23331211311"
"Austria","2005","7799.94282831327"
"Austria","2004","8033.78890005497"
"Austria","2003","8030.28182535418"
"Austria","2002","8093.6180886713"
"Austria","2001","8234.65753248107"
"Austria","2000","8393.10530880627"
"Austria","1999","8564.76343840804"
"Austria","1998","8745.76867611337"
"Austria","1997","8925.39929102627"
"Austria","1996","9227.62860612943"
"Austria","1995","9530.40564279894"
"Austria","1994","9607.5577082689"
"Austria","1993","9897.40966401147"
"Austria","1992","9981.65250002859"
"Austria","1991","10266.5927285994"
"Austria","1990","10391.4601125377"
"Belarus","2018","16097.623500472"
"Belarus","2017","15931.5607568406"
"Belarus","2016","15784.0594931631"
"Belarus","2015","15998.7354247572"
"Belarus","2014","15853.78847863"
"Belarus","2013","15777.1860121758"
"Belarus","2012","15365.9820091579"
"Belarus","2011","15040.7043345494"
"Belarus","2010","15150.852155247"
"Belarus","2009","14578.7894485011"
"Belarus","2008","14472.7850599219"
"Belarus","2007","13506.7863135722"
"Belarus","2006","13252.6835513269"
"Belarus","2005","12827.1248439809"
"Belarus","2004","13084.4087702538"
"Belarus","2003","12291.4842171793"
"Belarus","2002","12147.15206521"
"Belarus","2001","12221.6832874434"
"Belarus","2000","12286.2261505927"
"Belarus","1999","12424.7606694816"
"Belarus","1998","12875.7640279847"
"Belarus","1997","12885.3599118094"
"Belarus","1996","12808.0276096407"
"Belarus","1995","12865.9332700543"
"Belarus","1994","13558.6320665633"
"Belarus","1993","14309.1178837536"
"Belarus","1992","15115.8656202377"
"Belarus","1991","16387.2588887698"
"Belarus","1990","17458.5249050502"
"Belgium","2018","7848.73526895247"
"Belgium","2017","7932.11631708724"
"Belgium","2016","8101.18688411552"
"Belgium","2015","8127.3714868338"
"Belgium","2014","8118.95792914392"
"Belgium","2013","8236.65614205856"
"Belgium","2012","8392.13010038994"
"Belgium","2011","8530.81868923201"
"Belgium","2010","8794.35703370703"
"Belgium","2009","8846.08385054649"
"Belgium","2008","8911.07752732328"
"Belgium","2007","9109.24616208973"
"Belgium","2006","9169.3088021553"
"Belgium","2005","9270.77799635236"
"Belgium","2004","9517.35238740014"
"Belgium","2003","9568.97319108933"
"Belgium","2002","10139.9934339915"
"Belgium","2001","10576.6616955631"
"Belgium","2000","11027.4505640459"
"Belgium","1999","11472.6091317979"
"Belgium","1998","11731.0809123364"
"Belgium","1997","11897.9276246515"
"Belgium","1996","12009.6436706095"
"Belgium","1995","12168.0982221151"
"Belgium","1994","12091.9747015496"
"Belgium","1993","12046.3800826369"
"Belgium","1992","12099.2418576572"
"Belgium","1991","12178.6712212598"
"Belgium","1990","12215.1851010074"
"Bulgaria","2018","6753.66542148814"
"Bulgaria","2017","7001.13984622139"
"Bulgaria","2016","7213.2146922881"
"Bulgaria","2015","7450.42103771084"
"Bulgaria","2014","7459.82474334439"
"Bulgaria","2013","7564.69525106828"
"Bulgaria","2012","7686.2867299235"
"Bulgaria","2011","8056.32857838815"
"Bulgaria","2010","7844.17856449616"
"Bulgaria","2009","7877.05909250622"
"Bulgaria","2008","8180.57559479625"
"Bulgaria","2007","8406.99365708116"
"Bulgaria","2006","8501.91217837288"
"Bulgaria","2005","8808.96132797342"
"Bulgaria","2004","9281.17040591607"
"Bulgaria","2003","9898.42171685663"
"Bulgaria","2002","9459.66642435398"
"Bulgaria","2001","9326.83736627411"
"Bulgaria","2000","10068.6480796354"
"Bulgaria","1999","10218.3333516187"
"Bulgaria","1998","10729.1127784274"
"Bulgaria","1997","11325.2147726181"
"Bulgaria","1996","11653.2131844271"
"Bulgaria","1995","11744.357334895"
"Bulgaria","1994","11703.3822111675"
"Bulgaria","1993","13597.7747662287"
"Bulgaria","1992","14661.3741460393"
"Bulgaria","1991","14946.8996806066"
"Bulgaria","1990","15936.7689700423"
"Canada","2018","91424.1111268477"
"Canada","2017","91893.0417416908"
"Canada","2016","92507.159047909"
"Canada","2015","95542.4162094383"
"Canada","2014","97277.5529981807"
"Canada","2013","95502.2137745965"
"Canada","2012","94060.4729723178"
"Canada","2011","91386.641953668"
"Canada","2010","91559.357822648"
"Canada","2009","93922.0139985906"
"Canada","2008","100190.83167366"
"Canada","2007","103092.874229944"
"Canada","2006","104730.630023225"
"Canada","2005","105737.331794082"
"Canada","2004","107090.891076785"
"Canada","2003","106786.297954091"
"Canada","2002","108324.712690453"
"Canada","2001","110153.734703924"
"Canada","2000","112024.258236253"
"Canada","1999","111548.902038567"
"Canada","1998","110472.376908335"
"Canada","1997","109737.313895632"
"Canada","1996","111229.571063724"
"Canada","1995","107642.182027294"
"Canada","1994","103723.725018915"
"Canada","1993","99891.591346455"
"Canada","1992","96534.4138920912"
"Canada","1991","92223.1563410774"
"Canada","1990","90484.9475779493"
"Croatia","2018","3888.72317230586"
"Croatia","2017","4069.11114963105"
"Croatia","2016","4085.02260399555"
"Croatia","2015","3946.53064428082"
"Croatia","2014","3854.51235512403"
"Croatia","2013","3812.17182223607"
"Croatia","2012","4048.48523119822"
"Croatia","2011","4095.32988971867"
"Croatia","2010","4145.18107885855"
"Croatia","2009","4069.52403339783"
"Croatia","2008","3990.7434684796"
"Croatia","2007","3994.54901134654"
"Croatia","2006","3969.97997937087"
"Croatia","2005","3833.01191768677"
"Croatia","2004","3811.73380333006"
"Croatia","2003","3706.87943670289"
"Croatia","2002","3527.08412841518"
"Croatia","2001","3508.62980644397"
"Croatia","2000","3425.73422270658"
"Croatia","1999","3470.94256082564"
"Croatia","1998","3401.56919175563"
"Croatia","1997","3419.16331301745"
"Croatia","1996","3439.26983323787"
"Croatia","1995","3471.3693899004"
"Croatia","1994","3512.74856814127"
"Croatia","1993","3694.61288879419"
"Croatia","1992","3776.10665789174"
"Croatia","1991","4234.88854646454"
"Croatia","1990","4382.44086240145"
"Cyprus","2018","884.545066062992"
"Cyprus","2017","875.263059974714"
"Cyprus","2016","858.373634614813"
"Cyprus","2015","832.42772158732"
"Cyprus","2014","820.841457144787"
"Cyprus","2013","820.464190010614"
"Cyprus","2012","826.520889724988"
"Cyprus","2011","837.100253327933"
"Cyprus","2010","831.914761105273"
"Cyprus","2009","824.018753219093"
"Cyprus","2008","821.713233763677"
"Cyprus","2007","823.402227186018"
"Cyprus","2006","820.189335565158"
"Cyprus","2005","818.500037608903"
"Cyprus","2004","835.49310454367"
"Cyprus","2003","840.208916067922"
"Cyprus","2002","848.413863596432"
"Cyprus","2001","824.174579941267"
"Cyprus","2000","792.517668596408"
"Cyprus","1999","776.034805905129"
"Cyprus","1998","772.644643955848"
"Cyprus","1997","771.17993481103"
"Cyprus","1996","766.99682108736"
"Cyprus","1995","750.074061058206"
"Cyprus","1994","728.926689819777"
"Cyprus","1993","715.692832322429"
"Cyprus","1992","691.220849319382"
"Cyprus","1991","673.091967966706"
"Cyprus","1990","661.43224367219"
"Czechia","2018","13154.9420177428"
"Czechia","2017","13280.2091159523"
"Czechia","2016","13478.716623814"
"Czechia","2015","13943.876482307"
"Czechia","2014","13878.4761258105"
"Czechia","2013","13879.7230629815"
"Czechia","2012","14460.4357671319"
"Czechia","2011","14477.9816123574"
"Czechia","2010","14445.9656349694"
"Czechia","2009","14245.7471243221"
"Czechia","2008","14594.5502523811"
"Czechia","2007","14472.8904991007"
"Czechia","2006","14907.9529117807"
"Czechia","2005","14675.1903461744"
"Czechia","2004","14302.9090805611"
"Czechia","2003","14724.3304785857"
"Czechia","2002","14713.1136905203"
"Czechia","2001","15134.8493433681"
"Czechia","2000","15378.5787168798"
"Czechia","1999","16203.8696609196"
"Czechia","1998","16932.6030040754"
"Czechia","1997","17618.193902779"
"Czechia","1996","18026.7656364843"
"Czechia","1995","18174.5493478743"
"Czechia","1994","18598.2429194052"
"Czechia","1993","19715.8451629969"
"Czechia","1992","20623.319502085"
"Czechia","1991","21959.7066902375"
"Czechia","1990","23527.8897622386"
"Denmark","2018","7368.4961408903"
"Denmark","2017","7280.5744353501"
"Denmark","2016","7252.96096893175"
"Denmark","2015","7201.29106609772"
"Denmark","2014","7274.49978953336"
"Denmark","2013","7308.40390209143"
"Denmark","2012","7400.8024884231"
"Denmark","2011","7508.19153092858"
"Denmark","2010","7667.56678390216"
"Denmark","2009","7603.82166428502"
"Denmark","2008","7734.27056538279"
"Denmark","2007","7850.52100473907"
"Denmark","2006","7874.89821943491"
"Denmark","2005","7979.28241528897"
"Denmark","2004","8219.21038534491"
"Denmark","2003","8398.56187744956"
"Denmark","2002","8373.84469313484"
"Denmark","2001","8435.60236739555"
"Denmark","2000","8194.99009926322"
"Denmark","1999","8270.35934761366"
"Denmark","1998","8380.68908849933"
"Denmark","1997","8328.21608051517"
"Denmark","1996","8447.78741995965"
"Denmark","1995","8339.0751531439"
"Denmark","1994","8266.48732928517"
"Denmark","1993","8386.30496708322"
"Denmark","1992","8196.32134574481"
"Denmark","1991","8126.70076395311"
"Denmark","1990","7941.91031537449"
"Estonia","2018","1117.40894057522"
"Estonia","2017","1129.41677433708"
"Estonia","2016","1125.23518216769"
"Estonia","2015","1146.79078869178"
"Estonia","2014","1181.29760670791"
"Estonia","2013","1216.18017406915"
"Estonia","2012","1218.32630815393"
"Estonia","2011","1200.6464292755"
"Estonia","2010","1243.70164102867"
"Estonia","2009","1222.71266712532"
"Estonia","2008","1207.16473505664"
"Estonia","2007","1222.51762966557"
"Estonia","2006","1206.18015694893"
"Estonia","2005","1217.73889783763"
"Estonia","2004","1249.96491098526"
"Estonia","2003","1231.97444684889"
"Estonia","2002","1229.50278514762"
"Estonia","2001","1273.09796121864"
"Estonia","2000","1238.02548696391"
"Estonia","1999","1199.27603557041"
"Estonia","1998","1288.1107922552"
"Estonia","1997","1329.17212353082"
"Estonia","1996","1275.41604997441"
"Estonia","1995","1261.9843701133"
"Estonia","1994","1301.62050110388"
"Estonia","1993","1343.6206165011"
"Estonia","1992","1581.38730707635"
"Estonia","1991","1822.659345908"
"Estonia","1990","1901.29408936837"
"European Union","2018","446029.334596335"
"European Union","2017","452761.63142821"
"European Union","2016","453520.717376194"
"European Union","2015","459247.545933147"
"European Union","2014","459501.618681073"
"European Union","2013","466765.270852585"
"European Union","2012","476423.378104419"
"European Union","2011","480728.303984915"
"European Union","2010","490884.897916043"
"European Union","2009","501782.248878724"
"European Union","2008","514020.655085306"
"European Union","2007","525152.369307378"
"European Union","2006","533854.366849018"
"European Union","2005","546372.780918094"
"European Union","2004","558072.236219373"
"European Union","2003","575652.26467164"
"European Union","2002","583879.907435949"
"European Union","2001","595314.222988129"
"European Union","2000","606071.424918847"
"European Union","1999","628325.210557217"
"European Union","1998","640348.360646324"
"European Union","1997","655916.7111608"
"European Union","1996","662074.466621128"
"European Union","1995","665787.590819555"
"European Union","1994","667016.316275429"
"European Union","1993","683170.564868288"
"European Union","1992","692025.167017793"
"European Union","1991","707433.056370436"
"European Union","1990","728946.902680259"
"Finland","2018","4540.85381826855"
"Finland","2017","4605.27993628939"
"Finland","2016","4728.33886112971"
"Finland","2015","4856.61586514544"
"Finland","2014","4892.21142857024"
"Finland","2013","4989.55525170007"
"Finland","2012","5128.18719720049"
"Finland","2011","5183.20223690598"
"Finland","2010","5354.96151637226"
"Finland","2009","5296.73772348168"
"Finland","2008","5363.35600134229"
"Finland","2007","5506.2552893975"
"Finland","2006","5638.58619450218"
"Finland","2005","5564.71212927783"
"Finland","2004","5813.20662254428"
"Finland","2003","5997.03090196298"
"Finland","2002","6202.63556945383"
"Finland","2001","6426.32880719919"
"Finland","2000","6561.35054329927"
"Finland","1999","6819.20975458963"
"Finland","1998","6992.46878993425"
"Finland","1997","7258.96642476746"
"Finland","1996","7341.61716890124"
"Finland","1995","7420.02852335277"
"Finland","1994","7627.47645963882"
"Finland","1993","7657.23306121059"
"Finland","1992","7617.08157458807"
"Finland","1991","7666.5243209185"
"Finland","1990","7684.61673511004"
"France","2018","56500.0042130455"
"France","2017","57378.9808161261"
"France","2016","57747.1651920453"
"France","2015","58308.5202559314"
"France","2014","58986.9666830915"
"France","2013","59160.6978385419"
"France","2012","59676.2080274809"
"France","2011","61006.3716059739"
"France","2010","62197.3556019275"
"France","2009","62456.8204297153"
"France","2008","63548.038638541"
"France","2007","63494.3560965277"
"France","2006","63920.0744017582"
"France","2005","64652.8087989371"
"France","2004","65747.9452376338"
"France","2003","67232.1202846535"
"France","2002","68315.5934521517"
"France","2001","70014.9344206451"
"France","2000","70147.7211782341"
"France","1999","69778.2236737266"
"France","1998","69720.8442767991"
"France","1997","69606.8178382926"
"France","1996","70710.2232247212"
"France","1995","71487.8894419139"
"France","1994","70887.1545302222"
"France","1993","70784.482915594"
"France","1992","70409.6491266911"
"France","1991","70584.1918303513"
"France","1990","69877.2978348802"
"Germany","2018","52641.8915241947"
"Germany","2017","54738.2933072479"
"Germany","2016","55506.9169357373"
"Germany","2015","56767.5594649947"
"Germany","2014","56991.0838748958"
"Germany","2013","58219.3857879987"
"Germany","2012","58804.7854575367"
"Germany","2011","58067.1682895849"
"Germany","2010","59181.1996956221"
"Germany","2009","60184.9401895039"
"Germany","2008","62652.956875149"
"Germany","2007","63569.2318963654"
"Germany","2006","65595.3518134338"
"Germany","2005","69368.1372365839"
"Germany","2004","72528.7900243091"
"Germany","2003","77513.7850139275"
"Germany","2002","80969.3465264693"
"Germany","2001","85044.7720439692"
"Germany","2000","88605.5509858914"
"Germany","1999","92729.8075446619"
"Germany","1998","93625.7977336133"
"Germany","1997","98735.2061555412"
"Germany","1996","103245.922030112"
"Germany","1995","105613.346215162"
"Germany","1994","108086.087152347"
"Germany","1993","112044.546717296"
"Germany","1992","111435.380833103"
"Germany","1991","115019.17688635"
"Germany","1990","121192.505410664"
"Greece","2018","10091.0736758647"
"Greece","2017","10059.2307085678"
"Greece","2016","9804.96008766239"
"Greece","2015","10151.6649081703"
"Greece","2014","10323.7931573167"
"Greece","2013","10532.9005025028"
"Greece","2012","10772.7007426025"
"Greece","2011","10935.6571293117"
"Greece","2010","11068.1669966774"
"Greece","2009","10861.7013280517"
"Greece","2008","11229.7951209232"
"Greece","2007","11326.6216229254"
"Greece","2006","11459.9026980895"
"Greece","2005","11382.3181985725"
"Greece","2004","11287.5400469912"
"Greece","2003","11261.482461038"
"Greece","2002","11164.3601895612"
"Greece","2001","11055.6270396233"
"Greece","2000","11735.9399888417"
"Greece","1999","11753.0519923692"
"Greece","1998","11772.0915366938"
"Greece","1997","11548.5420369916"
"Greece","1996","11595.1603772651"
"Greece","1995","11427.5094343334"
"Greece","1994","11271.2384081952"
"Greece","1993","11151.4858362228"
"Greece","1992","11116.915834427"
"Greece","1991","11040.9520075849"
"Greece","1990","11042.2435557028"
"Hungary","2018","7271.99810136845"
"Hungary","2017","7374.46002244714"
"Hungary","2016","7302.65462633629"
"Hungary","2015","7352.83050378733"
"Hungary","2014","7329.73998638528"
"Hungary","2013","7511.40107113926"
"Hungary","2012","7680.18355697025"
"Hungary","2011","7630.45336910688"
"Hungary","2010","7713.51394104686"
"Hungary","2009","7710.22317464262"
"Hungary","2008","7673.19027975126"
"Hungary","2007","7819.06468686718"
"Hungary","2006","7864.57922019254"
"Hungary","2005","8011.85967219197"
"Hungary","2004","8218.26322288581"
"Hungary","2003","8571.37228693171"
"Hungary","2002","8400.78822888334"
"Hungary","2001","8450.51021187607"
"Hungary","2000","8566.31014615412"
"Hungary","1999","8465.11403120525"
"Hungary","1998","8400.08832367983"
"Hungary","1997","8520.15858551476"
"Hungary","1996","8660.59061860084"
"Hungary","1995","8597.50062733593"
"Hungary","1994","9133.62505663569"
"Hungary","1993","9603.61309109527"
"Hungary","1992","10152.1933349425"
"Hungary","1991","11452.9149817107"
"Hungary","1990","11721.7957069637"
"Iceland","2018","630.020234040386"
"Iceland","2017","637.050880381091"
"Iceland","2016","647.897743325456"
"Iceland","2015","656.429950488154"
"Iceland","2014","650.420748685198"
"Iceland","2013","638.578711409451"
"Iceland","2012","633.433757511747"
"Iceland","2011","660.192435317822"
"Iceland","2010","681.861066188864"
"Iceland","2009","692.49717016359"
"Iceland","2008","701.464370374183"
"Iceland","2007","715.231406747818"
"Iceland","2006","708.776782021203"
"Iceland","2005","672.561514222724"
"Iceland","2004","684.967095891684"
"Iceland","2003","688.411411726771"
"Iceland","2002","698.202165162154"
"Iceland","2001","691.750766277182"
"Iceland","2000","680.252733926289"
"Iceland","1999","680.635891622604"
"Iceland","1998","672.763108029655"
"Iceland","1997","671.966988142276"
"Iceland","1996","667.034300360819"
"Iceland","1995","646.132907540743"
"Iceland","1994","644.434428390573"
"Iceland","1993","635.263872740307"
"Iceland","1992","618.598328853193"
"Iceland","1991","607.951900155557"
"Iceland","1990","610.588952693243"
"Ireland","2018","13984.9831872927"
"Ireland","2017","13991.9097948613"
"Ireland","2016","13678.8442030092"
"Ireland","2015","13290.1436754845"
"Ireland","2014","12966.8454442163"
"Ireland","2013","12672.8657446611"
"Ireland","2012","12336.8891434138"
"Ireland","2011","12037.5602769183"
"Ireland","2010","12070.1226769053"
"Ireland","2009","12322.5856284997"
"Ireland","2008","12676.4022741561"
"Ireland","2007","12879.5789645658"
"Ireland","2006","13544.4264779145"
"Ireland","2005","13581.8678952962"
"Ireland","2004","13904.7057241201"
"Ireland","2003","14865.7615261341"
"Ireland","2002","14264.9410714383"
"Ireland","2001","14363.8282904453"
"Ireland","2000","14338.1854071541"
"Ireland","1999","14933.1933187171"
"Ireland","1998","15436.3304017578"
"Ireland","1997","15208.4009943255"
"Ireland","1996","15239.2268958625"
"Ireland","1995","15000.4730123677"
"Ireland","1994","14987.9147236344"
"Ireland","1993","15069.056943795"
"Ireland","1992","15053.1080159998"
"Ireland","1991","14940.4458983551"
"Ireland","1990","14760.6896727375"
"Italy","2018","43032.6463191779"
"Italy","2017","43657.9706849385"
"Italy","2016","43399.2707536272"
"Italy","2015","43883.6013874571"
"Italy","2014","43904.6718003371"
"Italy","2013","44770.8358674689"
"Italy","2012","46168.1687418584"
"Italy","2011","45569.4493518415"
"Italy","2010","46980.0278294097"
"Italy","2009","47292.369055913"
"Italy","2008","47327.8382405073"
"Italy","2007","47763.4521176283"
"Italy","2006","47064.7797963107"
"Italy","2005","48328.3053815321"
"Italy","2004","47828.7152132403"
"Italy","2003","49446.2078450108"
"Italy","2002","49240.0519450528"
"Italy","2001","50868.6388765307"
"Italy","2000","50766.136775346"
"Italy","1999","50854.0212495185"
"Italy","1998","50880.4603203089"
"Italy","1997","51363.9222908689"
"Italy","1996","50816.8433124231"
"Italy","1995","50325.8432006212"
"Italy","1994","49708.6066044472"
"Italy","1993","49283.5248100651"
"Italy","1992","48977.0483006379"
"Italy","1991","49126.5475020885"
"Italy","1990","48247.4890237919"
"Japan","2018","29854.8974417554"
"Japan","2017","30237.1922238889"
"Japan","2016","30736.221569165"
"Japan","2015","31064.6937904606"
"Japan","2014","31886.8929535179"
"Japan","2013","32533.4244356276"
"Japan","2012","32903.9644145241"
"Japan","2011","33776.1685404862"
"Japan","2010","34783.5991985312"
"Japan","2009","34276.540347346"
"Japan","2008","35239.6459790018"
"Japan","2007","35539.5248225601"
"Japan","2006","35263.723280812"
"Japan","2005","35845.4394118332"
"Japan","2004","36025.0501271544"
"Japan","2003","34991.467748097"
"Japan","2002","36436.1261320488"
"Japan","2001","37132.1094877028"
"Japan","2000","37981.9777066205"
"Japan","1999","37989.8698693021"
"Japan","1998","38107.7776287155"
"Japan","1997","39970.4547296643"
"Japan","1996","40721.6936020331"
"Japan","1995","41926.4195830185"
"Japan","1994","43411.5717194009"
"Japan","1993","40025.520886994"
"Japan","1992","44118.7050157099"
"Japan","1991","43259.7231132926"
"Japan","1990","44418.4872951504"
"Latvia","2018","1733.57370780201"
"Latvia","2017","1813.30772713443"
"Latvia","2016","1780.86820277373"
"Latvia","2015","1754.99712404704"
"Latvia","2014","1853.72535157704"
"Latvia","2013","1806.23880647636"
"Latvia","2012","1784.28556042108"
"Latvia","2011","1742.76611651745"
"Latvia","2010","1791.27025991316"
"Latvia","2009","1853.58367932654"
"Latvia","2008","1832.9230714081"
"Latvia","2007","1869.03336152094"
"Latvia","2006","1819.96663528654"
"Latvia","2005","1866.9007010854"
"Latvia","2004","1817.81355862398"
"Latvia","2003","1848.04048855959"
"Latvia","2002","1933.10582863492"
"Latvia","2001","1958.2247798314"
"Latvia","2000","1872.59587002725"
"Latvia","1999","1873.41952545359"
"Latvia","1998","2006.41020443192"
"Latvia","1997","2092.90976228592"
"Latvia","1996","2124.73356953351"
"Latvia","1995","2160.04263565642"
"Latvia","1994","2169.4229123666"
"Latvia","1993","2339.63691975103"
"Latvia","1992","3059.0779557188"
"Latvia","1991","3549.43385191086"
"Latvia","1990","3594.96792046215"
"Liechtenstein","2018","18.1722690068422"
"Liechtenstein","2017","17.9915619446845"
"Liechtenstein","2016","18.4904946971353"
"Liechtenstein","2015","18.3766195549085"
"Liechtenstein","2014","18.549486888717"
"Liechtenstein","2013","19.108473191209"
"Liechtenstein","2012","19.9161468920695"
"Liechtenstein","2011","19.4680156533538"
"Liechtenstein","2010","19.1104539736012"
"Liechtenstein","2009","19.6833536316208"
"Liechtenstein","2008","19.8530819925418"
"Liechtenstein","2007","19.6424228033608"
"Liechtenstein","2006","19.4001492757862"
"Liechtenstein","2005","18.6434866823952"
"Liechtenstein","2004","18.135770658346"
"Liechtenstein","2003","18.0456042301675"
"Liechtenstein","2002","17.8799223870112"
"Liechtenstein","2001","17.684519116426"
"Liechtenstein","2000","16.8305375500855"
"Liechtenstein","1999","17.2579764979093"
"Liechtenstein","1998","17.9420201129895"
"Liechtenstein","1997","18.0562877191068"
"Liechtenstein","1996","18.3464291812058"
"Liechtenstein","1995","18.018491600522"
"Liechtenstein","1994","18.026197662025"
"Liechtenstein","1993","17.9269705343563"
"Liechtenstein","1992","18.744761254564"
"Liechtenstein","1991","19.1735211324698"
"Liechtenstein","1990","19.2472186470253"
"Lithuania","2018","3064.33381172976"
"Lithuania","2017","3277.02284713555"
"Lithuania","2016","3332.56373803555"
"Lithuania","2015","3424.57192921462"
"Lithuania","2014","3471.76655428347"
"Lithuania","2013","3465.47647264561"
"Lithuania","2012","3532.8800158322"
"Lithuania","2011","3524.11992986435"
"Lithuania","2010","3684.24996539791"
"Lithuania","2009","3709.48278463156"
"Lithuania","2008","3806.75645125359"
"Lithuania","2007","3872.22158234115"
"Lithuania","2006","3908.94950606856"
"Lithuania","2005","3909.4742692207"
"Lithuania","2004","3916.11792243448"
"Lithuania","2003","3896.43172070362"
"Lithuania","2002","3839.50698899801"
"Lithuania","2001","3786.86977577679"
"Lithuania","2000","3861.01480258208"
"Lithuania","1999","4000.59544119873"
"Lithuania","1998","4250.64185945184"
"Lithuania","1997","4367.13213888735"
"Lithuania","1996","4356.41341415458"
"Lithuania","1995","4435.27161589611"
"Lithuania","1994","4668.05218617901"
"Lithuania","1993","5177.41481032828"
"Lithuania","1992","5927.33993705507"
"Lithuania","1991","6795.42090871719"
"Lithuania","1990","7006.0018282979"
"Luxembourg","2018","587.65818150764"
"Luxembourg","2017","593.664908950248"
"Luxembourg","2016","586.334065914281"
"Luxembourg","2015","582.378530771328"
"Luxembourg","2014","576.501751948419"
"Luxembourg","2013","563.562680099208"
"Luxembourg","2012","559.254939647076"
"Luxembourg","2011","567.305638536933"
"Luxembourg","2010","591.655171453084"
"Luxembourg","2009","591.864027890634"
"Luxembourg","2008","590.497635723333"
"Luxembourg","2007","580.188623957503"
"Luxembourg","2006","571.385596005348"
"Luxembourg","2005","575.19933282946"
"Luxembourg","2004","576.275820723258"
"Luxembourg","2003","579.594321132851"
"Luxembourg","2002","590.195681200152"
"Luxembourg","2001","590.716093409667"
"Luxembourg","2000","585.413536134999"
"Luxembourg","1999","592.547534530603"
"Luxembourg","1998","587.615438612382"
"Luxembourg","1997","590.000091637434"
"Luxembourg","1996","595.280729852827"
"Luxembourg","1995","586.380931659214"
"Luxembourg","1994","570.561921052164"
"Luxembourg","1993","583.071154162219"
"Luxembourg","1992","578.3689460246"
"Luxembourg","1991","594.130162801857"
"Luxembourg","1990","581.646732380423"
"Malta","2018","199.85132910331"
"Malta","2017","190.846437271592"
"Malta","2016","190.767729495582"
"Malta","2015","181.905014450041"
"Malta","2014","172.432191745897"
"Malta","2013","156.177861870429"
"Malta","2012","166.498350689659"
"Malta","2011","168.277530163416"
"Malta","2010","180.437242396465"
"Malta","2009","162.105030134457"
"Malta","2008","147.240074255094"
"Malta","2007","227.8088685546"
"Malta","2006","221.638879241415"
"Malta","2005","213.976327695653"
"Malta","2004","202.78103534479"
"Malta","2003","193.14447039621"
"Malta","2002","186.239309236907"
"Malta","2001","179.421987515507"
"Malta","2000","174.649500549001"
"Malta","1999","164.163655566532"
"Malta","1998","157.17174992834"
"Malta","1997","150.795726967626"
"Malta","1996","143.956757248557"
"Malta","1995","137.034053590849"
"Malta","1994","132.273292424351"
"Malta","1993","126.277546294433"
"Malta","1992","118.999483136165"
"Malta","1991","111.893131945742"
"Malta","1990","105.287688629492"
"Monaco","2018","1.3343125143045"
"Monaco","2017","1.35580870053075"
"Monaco","2016","1.33319863014775"
"Monaco","2015","1.35290647184125"
"Monaco","2014","1.3088175207005"
"Monaco","2013","1.269528431252"
"Monaco","2012","1.30059621054975"
"Monaco","2011","1.15797738239925"
"Monaco","2010","1.25438229967125"
"Monaco","2009","1.01769883525675"
"Monaco","2008","1.895469992466"
"Monaco","2007","1.8542055387485"
"Monaco","2006","1.95361903022775"
"Monaco","2005","1.7405757954895"
"Monaco","2004","1.59263801261"
"Monaco","2003","1.26754849516675"
"Monaco","2002","1.303692319533"
"Monaco","2001","1.276158640235"
"Monaco","2000","1.42962781277725"
"Monaco","1999","1.37337428451975"
"Monaco","1998","1.135924662364"
"Monaco","1997","1.087583248351"
"Monaco","1996","1.21714866330825"
"Monaco","1995","1.21073495215875"
"Monaco","1994","1.33382066262375"
"Monaco","1993","1.58348088452225"
"Monaco","1992","1.8866351118075"
"Monaco","1991","2.03969285814175"
"Monaco","1990","2.199070709127"
"Netherlands","2018","17308.7770737663"
"Netherlands","2017","18012.1930617435"
"Netherlands","2016","18329.0460653438"
"Netherlands","2015","18202.6209122523"
"Netherlands","2014","18008.2920855401"
"Netherlands","2013","18425.5700391777"
"Netherlands","2012","18438.3687754137"
"Netherlands","2011","18859.4323436199"
"Netherlands","2010","19405.9885792345"
"Netherlands","2009","19489.088714765"
"Netherlands","2008","19709.5538745878"
"Netherlands","2007","19481.6731672958"
"Netherlands","2006","19432.6494192436"
"Netherlands","2005","19874.587987337"
"Netherlands","2004","21331.7128935426"
"Netherlands","2003","21714.9922634073"
"Netherlands","2002","22488.9240361521"
"Netherlands","2001","23616.9850572741"
"Netherlands","2000","24279.4823943538"
"Netherlands","1999","25382.8551808293"
"Netherlands","1998","26641.3935216498"
"Netherlands","1997","27378.1499181794"
"Netherlands","1996","29009.2243329671"
"Netherlands","1995","29699.0826440378"
"Netherlands","1994","30418.9303247419"
"Netherlands","1993","31434.0085315637"
"Netherlands","1992","31864.0935166897"
"Netherlands","1991","32252.8007615081"
"Netherlands","1990","31847.2144014944"
"New Zealand","2018","34286.234242635"
"New Zealand","2017","34254.9608806425"
"New Zealand","2016","34262.0047348234"
"New Zealand","2015","34707.3882579624"
"New Zealand","2014","35226.4740092262"
"New Zealand","2013","34982.9001632186"
"New Zealand","2012","34899.9761726786"
"New Zealand","2011","34439.5132904988"
"New Zealand","2010","34319.9589031178"
"New Zealand","2009","34286.3611146986"
"New Zealand","2008","34117.124563307"
"New Zealand","2007","35132.4779182904"
"New Zealand","2006","36072.5604579782"
"New Zealand","2005","35857.1115695718"
"New Zealand","2004","35632.0462119677"
"New Zealand","2003","35663.4217964375"
"New Zealand","2002","35530.7949331511"
"New Zealand","2001","35723.4319461789"
"New Zealand","2000","35341.159121523"
"New Zealand","1999","34460.9650865199"
"New Zealand","1998","34215.5994977528"
"New Zealand","1997","34770.0518313976"
"New Zealand","1996","34096.2458057002"
"New Zealand","1995","33496.8272254538"
"New Zealand","1994","33094.2811713676"
"New Zealand","1993","32248.2630368639"
"New Zealand","1992","32038.2799696147"
"New Zealand","1991","32412.2381140934"
"New Zealand","1990","32287.6037253071"
"Norway","2018","4804.54557789798"
"Norway","2017","4867.31831655184"
"Norway","2016","4949.49369542094"
"Norway","2015","5055.27466749066"
"Norway","2014","5087.81809941711"
"Norway","2013","5146.69813469175"
"Norway","2012","5212.145625615"
"Norway","2011","5236.98181332094"
"Norway","2010","5389.76995851929"
"Norway","2009","5383.50583331591"
"Norway","2008","5341.59089082052"
"Norway","2007","5487.66134958141"
"Norway","2006","5404.68424495907"
"Norway","2005","5551.45499285714"
"Norway","2004","5698.04354930618"
"Norway","2003","5813.88887777873"
"Norway","2002","5841.68769613993"
"Norway","2001","5966.46663757332"
"Norway","2000","5975.45365422321"
"Norway","1999","5966.01587982386"
"Norway","1998","6074.71914077288"
"Norway","1997","6274.60476627652"
"Norway","1996","6255.28724236468"
"Norway","1995","6209.90420503048"
"Norway","1994","6259.83527558465"
"Norway","1993","6177.55628361724"
"Norway","1992","6051.54182762185"
"Norway","1991","5977.4059271488"
"Norway","1990","6032.02587443306"
"Poland","2018","48753.2212001213"
"Poland","2017","49237.8431211157"
"Poland","2016","49271.0566638096"
"Poland","2015","49805.7818818252"
"Poland","2014","49246.9617485192"
"Poland","2013","49879.1848135134"
"Poland","2012","49743.486268112"
"Poland","2011","49992.2593173907"
"Poland","2010","51156.1332260088"
"Poland","2009","51338.4240457142"
"Poland","2008","52652.0228845608"
"Poland","2007","52830.0038888064"
"Poland","2006","53691.3568061066"
"Poland","2005","53475.8790112438"
"Poland","2004","53075.7607596342"
"Poland","2003","53369.6288691928"
"Poland","2002","53265.6456369188"
"Poland","2001","54867.5240070329"
"Poland","2000","53096.7451624335"
"Poland","1999","54482.8605730726"
"Poland","1998","55710.6342714664"
"Poland","1997","57833.0338077688"
"Poland","1996","58106.8516738206"
"Poland","1995","58974.4079616279"
"Poland","1994","60467.9388090899"
"Poland","1993","61218.3358827261"
"Poland","1992","63104.5952547479"
"Poland","1991","64910.2175309583"
"Poland","1990","69796.9616549417"
"Portugal","2018","9126.4203426381"
"Portugal","2017","9168.19580805689"
"Portugal","2016","9142.25193362535"
"Portugal","2015","9220.02386694817"
"Portugal","2014","9435.5540317255"
"Portugal","2013","9566.38274680545"
"Portugal","2012","9806.38882461684"
"Portugal","2011","10049.8120678761"
"Portugal","2010","10153.622171501"
"Portugal","2009","10351.9257680635"
"Portugal","2008","10531.6479267966"
"Portugal","2007","10766.1378277532"
"Portugal","2006","10967.5545541504"
"Portugal","2005","11067.3125974479"
"Portugal","2004","11134.7674715287"
"Portugal","2003","11130.2547279264"
"Portugal","2002","11127.3085815957"
"Portugal","2001","11114.5751866099"
"Portugal","2000","11121.3238081614"
"Portugal","1999","10923.0997123269"
"Portugal","1998","10686.3500170545"
"Portugal","1997","10484.683414637"
"Portugal","1996","10291.5185881709"
"Portugal","1995","10106.2655686172"
"Portugal","1994","9949.27267543422"
"Portugal","1993","9820.84358947364"
"Portugal","1992","9761.92062345386"
"Portugal","1991","9712.39147122055"
"Portugal","1990","9590.33246403487"
"Romania","2018","28183.6263406729"
"Romania","2017","28706.5411582317"
"Romania","2016","29011.7996630305"
"Romania","2015","29544.3097124776"
"Romania","2014","30026.6849287365"
"Romania","2013","30158.6166858784"
"Romania","2012","30694.098760415"
"Romania","2011","30198.9993966466"
"Romania","2010","31036.7050381987"
"Romania","2009","33462.133500666"
"Romania","2008","35183.2103815543"
"Romania","2007","36108.5374876169"
"Romania","2006","37055.4719860122"
"Romania","2005","37662.0055986911"
"Romania","2004","37110.2320695627"
"Romania","2003","38508.6995442769"
"Romania","2002","37265.1458876826"
"Romania","2001","34866.5749004353"
"Romania","2000","36329.487225284"
"Romania","1999","45866.3940027495"
"Romania","1998","47293.7367752291"
"Romania","1997","49814.7754291516"
"Romania","1996","45916.205308204"
"Romania","1995","46097.9109896362"
"Romania","1994","45139.8453475893"
"Romania","1993","45511.6060749096"
"Romania","1992","47197.3829132835"
"Romania","1991","51333.4383585546"
"Romania","1990","60017.6005313286"
"Russian Federation","2018","396033.635670835"
"Russian Federation","2017","383899.745225842"
"Russian Federation","2016","366880.729867119"
"Russian Federation","2015","363011.753840134"
"Russian Federation","2014","363599.271151264"
"Russian Federation","2013","364595.422574476"
"Russian Federation","2012","364676.830383446"
"Russian Federation","2011","360136.779506858"
"Russian Federation","2010","351949.664889784"
"Russian Federation","2009","337368.368861354"
"Russian Federation","2008","359830.962442467"
"Russian Federation","2007","356399.33642512"
"Russian Federation","2006","352921.452324571"
"Russian Federation","2005","346426.317545125"
"Russian Federation","2004","343465.826901013"
"Russian Federation","2003","336816.938325027"
"Russian Federation","2002","324570.345507375"
"Russian Federation","2001","323654.930681569"
"Russian Federation","2000","317014.954698833"
"Russian Federation","1999","312290.76015911"
"Russian Federation","1998","313197.302749204"
"Russian Federation","1997","325262.896283017"
"Russian Federation","1996","337571.902911467"
"Russian Federation","1995","351384.196309938"
"Russian Federation","1994","367413.926188688"
"Russian Federation","1993","394491.492231515"
"Russian Federation","1992","412866.313642799"
"Russian Federation","1991","441113.482028076"
"Russian Federation","1990","463735.661147377"
"Slovakia","2018","4442.03151898256"
"Slovakia","2017","4616.35987692435"
"Slovakia","2016","4578.9204900256"
"Slovakia","2015","4530.98836011903"
"Slovakia","2014","4341.74975013067"
"Slovakia","2013","4604.27418770435"
"Slovakia","2012","4480.38587545706"
"Slovakia","2011","4862.47552621594"
"Slovakia","2010","4797.64842357145"
"Slovakia","2009","4703.37891323775"
"Slovakia","2008","4950.50007678974"
"Slovakia","2007","4875.32365173517"
"Slovakia","2006","4935.47639768918"
"Slovakia","2005","5106.73312449081"
"Slovakia","2004","5071.71248010069"
"Slovakia","2003","4977.52573622203"
"Slovakia","2002","5115.71702454959"
"Slovakia","2001","5198.69088701471"
"Slovakia","2000","5319.00938941584"
"Slovakia","1999","5552.98300299884"
"Slovakia","1998","5580.6698115802"
"Slovakia","1997","5642.13908815676"
"Slovakia","1996","5840.36760351066"
"Slovakia","1995","5923.86102417533"
"Slovakia","1994","5884.16033488124"
"Slovakia","1993","6077.76623164265"
"Slovakia","1992","6323.84252892819"
"Slovakia","1991","6957.44520729298"
"Slovakia","1990","7255.12404734019"
"Slovenia","2018","1936.1565404059"
"Slovenia","2017","1994.41017888541"
"Slovenia","2016","2041.53795789251"
"Slovenia","2015","2003.59687862005"
"Slovenia","2014","1946.78160789891"
"Slovenia","2013","2047.6342269989"
"Slovenia","2012","2103.52999464874"
"Slovenia","2011","2149.56850652211"
"Slovenia","2010","2157.63994370324"
"Slovenia","2009","2189.33637503343"
"Slovenia","2008","2283.61042375763"
"Slovenia","2007","2404.59386922229"
"Slovenia","2006","2378.22331883235"
"Slovenia","2005","2431.63687711145"
"Slovenia","2004","2457.41058196486"
"Slovenia","2003","2508.63764097378"
"Slovenia","2002","2546.97122792785"
"Slovenia","2001","2475.32409093684"
"Slovenia","2000","2498.40946777043"
"Slovenia","1999","2405.09615972092"
"Slovenia","1998","2402.46952094275"
"Slovenia","1997","2350.31767598488"
"Slovenia","1996","2334.70561010736"
"Slovenia","1995","2377.04131865682"
"Slovenia","1994","2349.97451525854"
"Slovenia","1993","2355.84060958093"
"Slovenia","1992","2465.37988118075"
"Slovenia","1991","2448.47612306824"
"Slovenia","1990","2543.98035710759"
"Spain","2018","39722.326623758"
"Spain","2017","39586.1784068442"
"Spain","2016","39150.1950545038"
"Spain","2015","39189.6375671927"
"Spain","2014","37908.2271849515"
"Spain","2013","38489.7098967095"
"Spain","2012","39441.6870732455"
"Spain","2011","40639.6317881316"
"Spain","2010","40524.7526264038"
"Spain","2009","42374.5606776396"
"Spain","2008","40922.231409336"
"Spain","2007","42408.676419957"
"Spain","2006","41567.6233290507"
"Spain","2005","42269.4554004511"
"Spain","2004","43223.7500308171"
"Spain","2003","43727.8045258761"
"Spain","2002","43308.5774320115"
"Spain","2001","43163.906489656"
"Spain","2000","42768.1800851268"
"Spain","1999","41282.3318812681"
"Spain","1998","40169.2000336164"
"Spain","1997","39663.6381627155"
"Spain","1996","38822.414171771"
"Spain","1995","37044.269642769"
"Spain","1994","36217.2475732501"
"Spain","1993","35048.0630951967"
"Spain","1992","35176.1887434376"
"Spain","1991","34473.5658873523"
"Spain","1990","35609.2223780128"
"Sweden","2018","4380.54599148101"
"Sweden","2017","4470.49048359077"
"Sweden","2016","4510.99238424311"
"Sweden","2015","4595.54385231961"
"Sweden","2014","4701.76939353318"
"Sweden","2013","4828.15994134697"
"Sweden","2012","4899.56371281017"
"Sweden","2011","5066.0020342095"
"Sweden","2010","5216.54009122237"
"Sweden","2009","5338.20649784664"
"Sweden","2008","5492.78307283734"
"Sweden","2007","5765.06123601231"
"Sweden","2006","6027.04950314251"
"Sweden","2005","6140.51591924814"
"Sweden","2004","6330.34754289553"
"Sweden","2003","6303.87942366468"
"Sweden","2002","6513.63045872873"
"Sweden","2001","6760.41882804825"
"Sweden","2000","6833.15739089815"
"Sweden","1999","6998.61675596546"
"Sweden","1998","7198.35026599835"
"Sweden","1997","7305.87401106313"
"Sweden","1996","7375.66432546537"
"Sweden","1995","7367.0977179325"
"Sweden","1994","7464.22919216613"
"Sweden","1993","7525.95972601442"
"Sweden","1992","7549.98933148781"
"Sweden","1991","7415.06090884439"
"Sweden","1990","7418.8498399773"
"Switzerland","2018","4839.98573529328"
"Switzerland","2017","4868.48522402396"
"Switzerland","2016","4930.18894661626"
"Switzerland","2015","4974.08886834194"
"Switzerland","2014","5003.62120444444"
"Switzerland","2013","5006.72996912832"
"Switzerland","2012","5070.7747738083"
"Switzerland","2011","5099.14480718212"
"Switzerland","2010","5154.2736822446"
"Switzerland","2009","5180.89206516704"
"Switzerland","2008","5272.98940440767"
"Switzerland","2007","5202.42494415774"
"Switzerland","2006","5220.2570251347"
"Switzerland","2005","5203.77434026851"
"Switzerland","2004","5188.62932640958"
"Switzerland","2003","5222.94714744178"
"Switzerland","2002","5303.13867227112"
"Switzerland","2001","5347.71829465895"
"Switzerland","2000","5306.61412106198"
"Switzerland","1999","5362.23101279731"
"Switzerland","1998","5448.39676350512"
"Switzerland","1997","5519.4776194653"
"Switzerland","1996","5668.3132728964"
"Switzerland","1995","5729.31725202024"
"Switzerland","1994","5729.91851791902"
"Switzerland","1993","5780.84515008"
"Switzerland","1992","5890.16893355638"
"Switzerland","1991","5973.04256140191"
"Switzerland","1990","6044.11666459651"
"Turkey","2018","57576.1247487443"
"Turkey","2017","54231.1710478241"
"Turkey","2016","53858.2496473005"
"Turkey","2015","51359.7557780624"
"Turkey","2014","57304.7294026284"
"Turkey","2013","55469.0637510665"
"Turkey","2012","57091.9591349935"
"Turkey","2011","53694.4761792481"
"Turkey","2010","51319.2165064002"
"Turkey","2009","49590.8226753371"
"Turkey","2008","49891.0493012235"
"Turkey","2007","48981.8415857872"
"Turkey","2006","46589.0148631802"
"Turkey","2005","45155.7798411466"
"Turkey","2004","43489.3362800539"
"Turkey","2003","42864.466868447"
"Turkey","2002","40860.3314028413"
"Turkey","2001","42795.0067055512"
"Turkey","2000","43557.4017125418"
"Turkey","1999","43676.9098401633"
"Turkey","1998","42312.7514778702"
"Turkey","1997","42121.7145754229"
"Turkey","1996","42854.5103098602"
"Turkey","1995","42503.0279667108"
"Turkey","1994","42683.7023260542"
"Turkey","1993","42965.6350392176"
"Turkey","1992","43193.1248093153"
"Turkey","1991","43285.3636602199"
"Turkey","1990","42405.0604935378"
"Ukraine","2018","67519.9271405532"
"Ukraine","2017","63653.6960870536"
"Ukraine","2016","65994.0086270451"
"Ukraine","2015","61235.8878797913"
"Ukraine","2014","68759.026014524"
"Ukraine","2013","75185.4511104299"
"Ukraine","2012","80482.4355460468"
"Ukraine","2011","86010.1957930301"
"Ukraine","2010","84567.7829397665"
"Ukraine","2009","85161.5540028681"
"Ukraine","2008","93232.2407699502"
"Ukraine","2007","99906.872399581"
"Ukraine","2006","100088.117821383"
"Ukraine","2005","102445.904195803"
"Ukraine","2004","106529.281006463"
"Ukraine","2003","109680.487555607"
"Ukraine","2002","109053.066331962"
"Ukraine","2001","116501.74334232"
"Ukraine","2000","117952.871223251"
"Ukraine","1999","126924.23569138"
"Ukraine","1998","125666.462187011"
"Ukraine","1997","129383.497099843"
"Ukraine","1996","134676.047245303"
"Ukraine","1995","138648.794656837"
"Ukraine","1994","148884.234953263"
"Ukraine","1993","158319.089194345"
"Ukraine","1992","166761.386958694"
"Ukraine","1991","174694.184798038"
"Ukraine","1990","182572.681059447"
"United Kingdom","2018","51936.278549698"
"United Kingdom","2017","51965.7906619326"
"United Kingdom","2016","51541.2382955864"
"United Kingdom","2015","53123.8989420198"
"United Kingdom","2014","53930.7314969011"
"United Kingdom","2013","56051.1103039793"
"United Kingdom","2012","60043.7205560703"
"United Kingdom","2011","61559.1665119501"
"United Kingdom","2010","64242.4234937216"
"United Kingdom","2009","68914.8234032465"
"United Kingdom","2008","73452.3950608194"
"United Kingdom","2007","79042.7359468214"
"United Kingdom","2006","82927.1384266945"
"United Kingdom","2005","87366.2640683773"
"United Kingdom","2004","92148.3588545896"
"United Kingdom","2003","96504.2566670525"
"United Kingdom","2002","101688.390928289"
"United Kingdom","2001","104138.780254979"
"United Kingdom","2000","109036.793785355"
"United Kingdom","1999","114254.703133261"
"United Kingdom","1998","119813.221717045"
"United Kingdom","1997","123338.033729605"
"United Kingdom","1996","125643.929198499"
"United Kingdom","1995","126522.068054282"
"United Kingdom","1994","125007.189305041"
"United Kingdom","1993","131903.729516722"
"United Kingdom","1992","133490.723173375"
"United Kingdom","1991","133811.58067568"
"United Kingdom","1990","133060.431949585"
"United States of America","2018","634457.127078264"
"United States of America","2017","630304.467504217"
"United States of America","2016","624244.786992774"
"United States of America","2015","638482.82700648"
"United States of America","2014","639011.110236496"
"United States of America","2013","642457.536454562"
"United States of America","2012","646830.143850357"
"United States of America","2011","656270.447192916"
"United States of America","2010","682336.329174958"
"United States of America","2009","680197.813064567"
"United States of America","2008","691692.052787117"
"United States of America","2007","685669.533875613"
"United States of America","2006","683953.835597086"
"United States of America","2005","679562.090181705"
"United States of America","2004","681718.70316801"
"United States of America","2003","688031.339955158"
"United States of America","2002","688418.255057791"
"United States of America","2001","695650.436352907"
"United States of America","2000","703010.923423264"
"United States of America","1999","708860.72594868"
"United States of America","1998","726699.75498902"
"United States of America","1997","741833.573974099"
"United States of America","1996","757630.506085321"
"United States of America","1995","764998.070920609"
"United States of America","1994","772160.761589917"
"United States of America","1993","765962.683445042"
"United States of America","1992","777754.008852188"
"United States of America","1991","778860.542503718"
"United States of America","1990","774409.534033373"

